{"cameraMode":{"drawMode":0,"name":"Shaded","section":"Shading Mode"},"sceneLighting":true,"audioPlay":false,"sceneViewState":{"m_AlwaysRefresh":false,"showFog":true,"showSkybox":true,"showFlares":true,"showImageEffects":true,"showParticleSystems":true,"showVisualEffectGraphs":true,"m_FxEnabled":true},"in2DMode":false,"pivot":{"x":3.917635917663574,"y":-2.2260823249816896,"z":-2.4516022205352785},"rotation":{"x":-0.008175613358616829,"y":0.9914767146110535,"z":-0.07780134677886963,"w":-0.1041874960064888},"size":7.851873397827148,"orthographic":false}